,0,1,2,3,4,5,6,7,8,9,10,11,12,13,14,15,16,17,18,19,20,21,22,23,24,25,26,27,28,29,30,31,32,33,34,35,36,37,38,39,40,41,42,43,44,45,46,47,48,49,50,51,52,53
0,x,0.9999999999704616,0.999999999679489,0.9999999994960753,0.3249824976166814,0.9999999999999989,0.9999862986464656,0.9999999438248119,0.6340346919370634,0.6193700980054746,,0.9999807994185141,0.9999993095309287,0.9995741380847762,0.9999999999932145,,0.9999934407191079,0.9999967352092016,0.9994698538220443,0.999999999124985,0.9999999997509685,0.9999999836610391,0.9999999999999994,0.9999999999999957,0.9999999468867475,0.9725727423914672,0.9999999601053264,0.42755278682489756,0.9999898428225407,0.9999999999999829,0.9999999945841407,0.8052906193936393,0.9948822396401341,0.9997355273124336,0.9421913315711078,,0.8201666717916993,0.9999999837544704,0.999999361799859,0.9998964627646505,0.9999999999423408,0.9273255298611482,0.9999996358717429,0.9999971767181322,0.9999995110029112,0.9990564535671571,0.9999267461512129,0.9999999965242928,0.9999999224646151,0.9999999008747746,0.9849472055038277,0.9999998395855376,0.999999999997161,0.9999996894224683
1,x,x,0.39479670314912735,0.29910422420195276,0.6020155077809151,0.534239093826493,0.39501836786917527,0.21026928323974392,0.21990542730208446,0.42337089367157277,,0.3539699140035373,0.40185693181974746,0.3278511069729624,0.16279311474702934,,0.38537393037639345,0.58662959115476,0.3908666019033116,0.8586643791134263,0.35621003548893354,0.21279114662915477,0.42911488591830316,0.46012646819471753,0.6816969391290445,0.4196194582173213,0.09713162074761439,0.8643261298797559,0.1647619980629701,0.5337631801081442,0.29946029854440925,0.9974766301307249,0.32873177643182666,0.19690903544235183,0.7954831507376012,,0.2776712810662397,0.4057506995559048,0.79570605516131,0.3393959629863222,0.41248691891292516,0.34826877230398645,0.7695446663074728,0.054296924525366774,0.8761946927662203,0.7221285800674655,0.9453328306681457,0.26800335235728995,0.3806429263488061,0.6508624726498855,0.3632403547622781,0.31321573877893916,0.33502611825161766,0.24870898651703888
2,x,x,x,0.9220173904031925,0.31224353401825694,0.9999895424433247,0.989018635237747,0.9999866588130997,0.968900215452979,0.9600605836335654,,0.9996825289924861,0.9932341674260377,0.06665682953247998,0.9991063862371639,,0.9992626868574974,0.8465945656417391,0.9999955134810796,0.9999772109683271,0.9999998300254771,0.9999556458512023,0.6697261885196789,0.9999931190296598,0.3637236749779881,0.9999739499379554,0.999992395083215,0.9999999999997126,0.994276560010205,0.08562380875699627,0.8155752624815882,0.9998375693036071,0.9999999999862199,0.9999115622819365,0.14752501681895425,,0.48516641756954365,0.28156100755082053,0.9865915446879767,0.9999999727878707,0.7102173215102606,0.2889488584600087,0.9976338510897969,0.9999998254600386,0.9930804323535435,1.0,0.9999725646857981,0.999999998321428,0.9913565700667459,0.9999793036279886,0.0454934649556446,0.9997173247216325,0.9999999888333013,0.9999997272173218
3,x,x,x,x,0.827285617530972,0.9861945256186351,0.7838625312828831,0.9921933924925503,0.3090806238822209,0.7479603909201841,,0.9871491217038273,0.4997971508298875,0.9960101274514361,0.9543998813914722,,0.9410128380572331,0.9928149274571352,0.9983426904790123,0.3216467190491141,0.9963898009875548,0.9562231921112256,0.9966062705880484,0.9915151224601604,0.9850561777725038,0.9501455453805601,0.9887193675036785,0.9959802619239924,0.9742708613728326,0.9085167521740015,0.9608121548835782,0.9986221406004786,0.9112221505181392,0.7687685967559176,0.9975485076392854,,0.9385921387827876,0.9037589892483349,0.9654822339384415,0.843940518073986,0.9995573789818168,0.9532458818318152,0.9999893553691831,0.9994088611594927,0.9767613726135735,0.9959883872267106,0.9827621955468019,0.9093112892442226,0.7392835257749184,0.3540144740645062,0.9436908140079596,0.9224418815605383,0.7902839196692397,0.8879271735734788
4,x,x,x,x,x,0.6652674572990578,0.4611352823853812,0.6392079093370495,0.05345593594989112,0.6281649115873166,,0.22682922585835275,0.3517661527376354,0.33975972674874877,0.06412947157797833,,0.4748505351578031,0.8057957872405532,0.5514151928654693,0.8577010392657942,0.1874769713224318,0.6973254365829717,,0.6447141960357164,0.2911180961053547,0.4694664285495147,0.26298937647578213,0.700204146254055,0.15944579871015857,0.45949959853318484,0.09969490884555554,0.7250240416423135,0.2397842352866918,0.6561958444280762,0.5812291180958746,,0.4585810595977137,0.6192841326287587,0.7473332978077947,0.450905773325801,0.6973294575978579,0.6024020879274965,0.6203478839114694,0.24872680300179528,0.6202082782800487,0.7956387518018531,0.843517632641131,0.7064504497602111,0.11572009538171235,0.34492101137437753,,0.22602048529770896,0.6967370926722487,0.10294171198563362
5,x,x,x,x,x,x,0.9888969816849594,1.0,0.9979124719141106,0.8196588378200231,,0.9999999464330166,0.9976713637095496,0.9999831722520194,0.9999985569476146,,0.19687596836386145,0.9999999902598725,0.3064481832646488,0.9999997912101786,0.9999999999265721,0.9999924771382324,0.9999896175130296,0.9999999999987719,0.00014676805001156978,3.817016538398832e-07,0.9781901523958002,1.0,3.500999858019327e-05,0.49218915550072473,0.8709016784730311,2.4083105121253112e-08,4.96083650434187e-05,0.3293100064814385,0.9487482324827822,,0.9878524538394589,0.27754139027752567,0.9999998672246011,0.9999999345862465,1.0,0.3972447037143014,0.9999997050352833,0.9924503313563391,0.9826504652184539,0.012244133115280997,0.9999999999999997,0.9210274835790516,0.9999999999344726,0.9991630008695923,0.9904873152554398,0.5992121672612334,1.0,1.0823031360018831e-10
6,x,x,x,x,x,x,x,1.0804634964500792e-11,0.9959509813288367,0.994689610377202,,0.035574897243019765,0.7754166704799439,3.14727133243764e-11,0.644993265231467,,0.4678768790960207,6.986108191942009e-09,0.9999055515455691,0.043302070299115814,1.6653345369377348e-16,3.152592566946222e-06,0.2903985959719526,0.30996681222669464,0.9999987360125313,0.27109725164069914,0.004610412144144038,2.8627233805700314e-08,0.0020429837247529226,0.005619383042891002,0.8547902718320417,0.1034444105824075,0.3763727481207406,0.26003592604254877,0.05290931918236064,,5.933676257396936e-06,0.6865326994396905,0.23377295483420768,0.017728222114391512,0.00010572511886547398,0.8454746292750065,0.25878565550413696,0.0527751326044939,0.08129341334589002,0.7619730910733421,0.06748762898004074,0.0004894469033420723,0.00139753379090507,0.9460499744926363,2.9339352067281332e-06,0.9359295823471864,0.04813764994908132,0.9709066400074484
7,x,x,x,x,x,x,x,x,0.7173498663027617,0.5287664155415647,,0.18311162244433304,0.9999653577626355,0.999133495691966,0.045116882421890214,,0.763421615455313,0.11759372056242395,0.9998970328706032,0.9192309439836404,0.003203684931062045,0.16128157671282295,0.3959757252200724,0.9455522371350873,0.9999763828440215,0.9855294425072166,0.2829230469696168,0.9997176249354661,0.9915456505767292,0.9999996583414943,0.05785210735830676,0.9824491981816516,0.9980986415643771,0.97741147241725,0.9769880104552859,,0.9999879706870338,0.35697249442811346,0.999999894222849,0.7003509086178761,3.938648971413272e-07,0.9797994307589951,0.29645935253879113,0.009368810441289732,0.16350390710856633,0.9988362519399954,0.5823684676777385,0.8994858409350549,0.0008829610317883652,0.9999999996587143,0.829364881683163,0.028208784323531022,0.000288314487970176,0.9550810199743366
8,x,x,x,x,x,x,x,x,x,0.9917100877184167,,0.6503615605681654,0.9999720750535586,0.9359521746188474,0.9995395906226429,,0.9999337006909158,0.9965418997460946,0.9997894423577172,0.9985575229862343,0.9947980173350514,0.9989948844720603,0.988810636508203,0.9993294747677708,0.9989552730105993,0.984027328192861,1.0,0.9985999256862726,0.999792573282962,0.9999782880217873,0.9951295600570733,0.9936326518617806,0.9982651639082915,0.9128874141081329,0.9956227439861761,,0.9999767321112442,0.9983764693106703,0.9901523443475313,0.9990422940183884,0.9990651060881082,0.4158647023121751,0.9929014623240283,0.504654779901643,0.9952687420462525,0.9999245109171002,0.9992522129598967,0.9996206039890737,0.9983195875577955,0.9761087468702747,0.9932748357258256,0.9913827532886798,0.985400539635978,0.9994524817685124
9,x,x,x,x,x,x,x,x,x,x,,0.4969716240535247,0.9820308313318178,0.003339907445659984,0.9815264400711461,,0.9791553895532776,0.12252383467719558,0.2189096994183669,0.9961389093151777,0.04350047266155366,0.4195071444059286,0.05444239847624249,0.06773100116886166,0.1619038998964985,0.17402428295487304,0.8072940390238442,0.20422963908081532,0.9993883809396971,0.7748154905493325,0.37510466266929066,0.07763608214116169,0.9981101920577092,0.14906260397497828,0.09209262654575384,,0.9196334900198304,0.07690683968910905,0.9416732077776631,0.576676407935274,0.33819420199443534,0.9595013507502349,0.02163991733225401,0.016945652225280994,0.47417518680908727,0.08311584873029476,0.38014893174309144,0.32766275985393734,0.8140144066413252,0.4483728339616929,0.12897586392525295,0.49473900513709207,0.4122874343842238,0.4189676951559145
10,x,x,x,x,x,x,x,x,x,x,x,,,,,,,,,,,,,,,,,,,,,,,,,,,,,,,,,,,,,,,,,,,
11,x,x,x,x,x,x,x,x,x,x,x,x,0.029685828053646224,0.9990860461469169,0.052788184600597254,,1.8617496433392944e-11,0.9148652148127432,0.002488544985943919,0.00018493352134957286,0.12322539388742138,0.5859833259543228,0.005340831397992352,0.9998820971708225,0.0,3.910649581939651e-12,0.48851957351785247,0.031005969187290927,2.2956398004758682e-08,0.015342071098049415,0.001215619816192337,4.970928470404701e-06,0.0006821379161440211,0.999627804974991,3.692541880290223e-05,,0.850724644474974,0.0016404352341308215,0.92048125484593,0.054251059802877644,0.0006095421712540849,0.9524617583166555,0.3444954456147523,0.00046753186546100167,0.00019357676611875263,1.3700650802750403e-07,1.1020800616545756e-07,0.06016429165689907,0.5319006306678022,0.9997125895707404,0.779037424025391,0.25933870731046854,0.00017513974532690213,0.002073317026902999
12,x,x,x,x,x,x,x,x,x,x,x,x,x,0.9979314887168489,0.9999281912751127,,0.3423184447601545,0.7929594548483104,0.00019526403196906683,0.8254471869437712,0.17510624514922946,0.015875280780693835,0.8317411085354176,0.997480749989151,0.6304897494941563,0.0034808632284916707,0.49774418411469723,0.9913345659840271,0.04051992895892381,0.9999999789160241,0.0033167037456083848,0.5256123436799116,0.9092869575101196,0.973248428280521,0.9792301310417686,,0.9477835994833532,0.6512225465354469,0.9474187152566003,0.6592057559130617,9.063452766078228e-10,0.9870032937208776,0.5770011408201314,0.6819222347551019,0.013096663695984612,0.14868126843514629,0.2815783250024593,0.9385241724948687,0.5604279086299786,0.9824883225842991,0.4161031335575074,0.0002709463277088542,0.9999999999984847,1.184070779536306e-06
13,x,x,x,x,x,x,x,x,x,x,x,x,x,x,0.0019154387420206032,,0.00012016500552197718,0.0017701570386366994,0.011388301951345159,0.0010596223406378336,0.9930090003156526,0.00017429173671529297,0.0002133758168520461,0.0010525505933601242,1.0312147175062236e-07,3.643428503341539e-08,0.26136569961293327,0.031840628146163175,0.10824666461635268,0.3484197496848303,0.00033584583171386573,3.4721925801783904e-05,0.004780228225784777,0.1692051386350053,0.0050466608463713425,,0.11780912284598122,0.009533045173535981,0.0001605743615790134,4.1171791531624535e-08,0.28449744739245436,0.1943264066326238,5.577176387383531e-09,3.232296432731374e-07,5.247934596275261e-06,4.047768038217825e-05,0.0055366596264183054,2.3005112897989122e-07,0.11741132926433367,0.016537321555206264,0.5974586466486804,0.013041781151093113,0.00024132808284260676,0.5378509135735441
14,x,x,x,x,x,x,x,x,x,x,x,x,x,x,x,,0.004823355109062344,0.07765336610137774,5.409809370038321e-05,0.017352907325253186,0.5547310644139407,0.19529143327325438,0.008284902255761617,0.12406459313771334,4.100683149593776e-05,0.0016597679223546713,0.003307940212269711,0.013602139926475743,0.3617888607017078,0.2948988364970598,0.013109462024786078,0.12444322840871569,0.026846094239420193,0.35366835268458785,0.003182942037496861,,0.19545683597532032,0.0017995408669073676,0.009121941640793718,0.06965126185735637,0.03111164924305776,0.8045387116094448,0.285795683628495,0.01167408285518906,0.15937918902822423,2.786663152626323e-05,0.003922610314946839,0.005457000011068414,0.1740933720075809,7.106640976695111e-05,0.031245350107916903,7.336268029733972e-07,0.4412176533739251,0.0326983956832374
15,x,x,x,x,x,x,x,x,x,x,x,x,x,x,x,x,,,,,,,,,,,,,,,,,,,,,,,,,,,,,,,,,,,,,,
16,x,x,x,x,x,x,x,x,x,x,x,x,x,x,x,x,x,0.3473877226477631,0.9110497629985975,0.9305825204810709,0.017468115780675975,0.9942253440208986,0.9999999999999993,0.9869478247982502,0.9998493437774625,0.6482882887777205,0.8652867017364178,1.340852124886993e-07,0.9987993346387847,0.9999832092075038,0.99999995543043,0.9999999995964058,0.9962178605298515,0.3198764912528802,0.7881306635450394,,0.6963689822788519,0.9922472572463006,0.9996216766059587,0.34231705644000887,0.9713525318956054,0.9772962972430849,0.08940261154344314,0.15211274902574035,0.9999862940400865,0.0008887553071816878,0.009227307909628724,0.9999999999999214,0.9947274720737819,8.697811415547818e-09,0.9977462537299933,0.9981237566926813,0.9999999998644997,0.9999999999993334
17,x,x,x,x,x,x,x,x,x,x,x,x,x,x,x,x,x,x,0.24110946338314165,0.7337573966362946,1.854738813089618e-07,0.9418135857694989,0.00015412236304468419,0.0003763911648343443,0.09797949720416221,0.015790500265137453,0.1057564903295648,0.07600906136538804,0.0684650179445696,0.7450145146459233,0.008665498893332124,0.056780177270431054,0.1329240739769295,0.09276772083724605,0.01440013962889608,,0.12342428208175737,0.09790134572875364,0.10724749126849209,0.3618950979649906,9.407439827135988e-10,0.03523533014458918,0.0027044395832591106,0.35114761224868557,0.38380195481426094,0.007847722214444908,0.006731147643283364,0.4554240497641086,0.11501028849956707,0.03909013725812138,0.0006642726463497728,0.5533186006281873,0.017887449529043364,0.9789371042399735
18,x,x,x,x,x,x,x,x,x,x,x,x,x,x,x,x,x,x,x,8.565370634983083e-14,0.9977104539073817,0.5141329306471233,0.06898682092812247,0.058746557184527926,1.0402626038352736e-08,0.0,0.0008325183865027785,0.8876404200232845,0.0,0.0007482750482931677,2.789923847501541e-11,1.2275957739227294e-07,1.2649203906534012e-09,0.7510597858488292,0.578272091021704,,0.8629729288839252,0.05126271777490682,0.00013865503929699763,0.9951675769877097,0.0009166628837702917,0.6331273686564818,3.92188114295422e-06,5.514200207556996e-11,3.949108467499185e-05,0.0,8.48550573369633e-05,0.9180022428530671,0.2751447936844059,0.4642330232604765,0.00019835777453236503,1.5145614891132197e-06,0.00010668678449643476,0.0
19,x,x,x,x,x,x,x,x,x,x,x,x,x,x,x,x,x,x,x,x,0.9230391641549711,0.26010126007611695,0.08153649469435964,0.9999351959886698,0.15446668270015007,0.13232012758100592,0.9786504364226656,0.14072153447469926,0.8431703719649333,5.764849869288602e-05,0.0556792515321618,0.14565462662093298,0.0001234266518133631,0.3264692058253645,0.9735794591033744,,0.8316064085463544,0.23130606871293324,0.10833012205949422,0.5960274527612488,0.9929486245701059,0.1280173562167003,0.00016464418553485682,0.7805064136365525,0.07723353041676984,0.9197687318879418,0.011595389018710045,0.8519892254611455,0.12272825951986366,0.6864749679708124,0.7929541413520096,0.9291013087701949,0.9627602087442304,0.9995316456377503
20,x,x,x,x,x,x,x,x,x,x,x,x,x,x,x,x,x,x,x,x,x,1.0,0.9781902713636399,1.0,0.9999999946076088,0.9999999999236304,0.9693015705849185,0.9999999994828763,0.9999999994908412,0.9999999999881232,0.9999995823970982,0.99999997251032,0.9999874375051818,0.9997246294815217,0.9999999999998275,,0.9999992841751312,0.9999999885461544,0.9998000142642317,1.0,0.5135081344899659,0.5105134124546247,0.9995008682639016,0.9999999996955147,0.9999890286991214,0.9999999993759638,0.9995221341604998,0.9999999999238227,0.9292076625189197,0.9999999999999962,0.9686547742143198,0.9999996315054338,0.9999999999999316,0.999999934718082
21,x,x,x,x,x,x,x,x,x,x,x,x,x,x,x,x,x,x,x,x,x,x,0.06181954496030723,0.011412695438220377,0.013947193461716079,0.0025062574593322506,0.9946863881401022,0.22517260317044518,0.02083612348073327,0.08975634609205557,0.0001472779959636461,0.051304814651021324,0.2797520747501572,0.12171302983690091,0.9352798943060747,,0.0958207336449956,0.010557610725096034,0.7948747152087636,9.83131552123595e-05,0.9996447114481682,0.07614563384856643,0.9833897398075175,0.9970540464465608,0.4887243468331086,0.001146748609764936,0.35601096201298094,0.020499023416495843,0.8772010442445055,0.001303495197944926,0.97215116491519,0.01860404547861977,2.1030300197510954e-05,0.774963238025408
22,x,x,x,x,x,x,x,x,x,x,x,x,x,x,x,x,x,x,x,x,x,x,x,0.9401247579969041,0.013453252271866167,0.001731358063633226,0.5724573900073349,0.12301082175722505,0.4728177964135468,0.013196585531203286,0.26412191478749475,0.004407261910431393,0.19185965353009193,7.0016236142222965e-09,0.03474466060039716,,0.091238402360098,0.04115272267216474,0.4499949422477158,4.641523237552958e-05,0.07181155756731117,0.5712597249214459,0.011559733438024244,1.8563594361697966e-07,0.0008934896552570404,0.0016470470607425902,0.00022162258578672933,0.002537889150446282,0.00018857586224696465,0.13751396695480794,0.999904218990741,0.04087763953477841,9.620540920646237e-05,0.006486898463938018
23,x,x,x,x,x,x,x,x,x,x,x,x,x,x,x,x,x,x,x,x,x,x,x,x,0.6420017031076368,0.44960270616947123,0.9758704305162673,0.25807659682781436,0.3444828129700094,0.38787062973595493,0.009487487426055652,0.7110330604220998,0.9496547270698691,0.5112331583769372,0.3883522367595414,,0.0024615286848680973,0.4709683358550075,0.9751253487283131,2.303061876440804e-05,0.9961096163412297,0.624303919254305,0.9999999890996708,0.4968767321581755,0.9724212200825648,0.9888789520121208,0.9914058228325777,0.19328341481797784,0.8961325650861931,0.5098819572575518,0.9372627022368265,0.8855021641671222,0.04496988757680859,0.9999999917007476
24,x,x,x,x,x,x,x,x,x,x,x,x,x,x,x,x,x,x,x,x,x,x,x,x,x,2.2393210951654474e-06,0.14579783723225204,0.2903217627219794,0.00013300494224871562,0.0004826738304092859,2.2152531070129822e-05,0.192400280308265,5.206916752265034e-06,0.03123744319189753,0.5308335168813901,,0.000194963822485128,0.000539260854446999,0.7645783621578324,0.0011677224504718642,0.0769377636518414,0.5307475640935932,0.04227630338677796,0.298560284802765,0.010372014325182977,1.1847310316115411e-06,0.49904797636727805,0.9839497857471012,0.09450216410444112,1.5391576543843932e-06,0.8341234253472252,2.0403342341213104e-06,0.6000035584996015,0.39182464091609115
25,x,x,x,x,x,x,x,x,x,x,x,x,x,x,x,x,x,x,x,x,x,x,x,x,x,x,0.9798742840896386,0.916350099287554,0.4237666654899041,2.9199769925714048e-05,0.013420995051188822,0.7025588836253367,0.0030308619974904194,0.9967586582585561,1.4137679813785997e-05,,0.49691116691529785,0.462326250324914,0.9855882189781335,0.711237797216786,1.9401295120569095e-05,0.9701965412442936,0.9525736983434928,0.7903526810669793,0.5381850224381177,0.9889415624063076,1.0734515332178063e-08,0.0736081387298812,0.6669225026109737,0.027165290252713747,0.9162839688493929,0.31356220313662403,0.3079133853881631,0.008003514916527565
26,x,x,x,x,x,x,x,x,x,x,x,x,x,x,x,x,x,x,x,x,x,x,x,x,x,x,x,0.1325169625925171,0.9999999999576743,0.8668078553361647,0.9994670705429114,0.21433650565859047,0.99999998447668,0.9814825159332237,0.883114996650802,,0.9190297220188344,0.8952665944194627,0.9999999955198539,0.905919698563859,0.904954334453655,0.18958960742819364,0.6713914322156054,0.6909489057528058,0.9968674636774209,0.9994020047896852,0.980705203244014,3.768593344888327e-06,0.999652421423583,0.9999307703937597,0.997409625455604,0.940652398027866,0.8782147030924776,0.9999747549406837
27,x,x,x,x,x,x,x,x,x,x,x,x,x,x,x,x,x,x,x,x,x,x,x,x,x,x,x,x,1.0,0.9999999999932703,0.9999999999999999,1.0,1.0,0.46303031237796427,0.9999324892840504,,0.703038177380463,0.018380120674462708,0.9999794488256327,0.9999999999999996,1.0,0.11841082053970509,0.9999999999918969,1.0,0.9999999999999999,1.0,1.0,0.984997710796565,0.9999999995934253,0.31727324914235944,0.9760997850675968,1.0,0.9999994854480287,1.0
28,x,x,x,x,x,x,x,x,x,x,x,x,x,x,x,x,x,x,x,x,x,x,x,x,x,x,x,x,x,0.000909194951129233,0.9995313209443026,0.010723200877601258,0.022608903241458755,0.902769035359728,5.698275795662511e-09,,0.24635652578395634,0.00027908762334305504,0.9999382670498034,0.35439468630471305,0.9999929276542567,0.04002715710744881,0.9974300854081748,0.11261410335502597,0.996621744074802,0.0,0.9986132103254869,0.9144008508659005,0.9999999762054729,0.9684619842666968,0.10920242292742544,0.040096647702825394,0.00014839373094088781,0.0
29,x,x,x,x,x,x,x,x,x,x,x,x,x,x,x,x,x,x,x,x,x,x,x,x,x,x,x,x,x,x,0.9998726157032352,0.9997725625258489,1.0,0.2232504513640794,0.4977352263764277,,0.81988345352819,0.9999833965407747,0.9901133958709112,0.9966285016928889,0.9999628362338027,0.0008584471583849562,1.0,0.9999999999974627,0.9999999621570143,0.9999999975806462,0.9999868570525976,1.0,0.9999992789827565,1.0,0.9999999380776179,0.9999999967710111,0.9999999999990858,0.9999926253281591
30,x,x,x,x,x,x,x,x,x,x,x,x,x,x,x,x,x,x,x,x,x,x,x,x,x,x,x,x,x,x,x,0.6969578004227441,0.9999341033075364,0.11770522555617147,0.9999986576387005,,0.8939932121938958,0.31064509026173076,0.658746378010511,0.021166363967500657,0.04512118219612643,0.7444980837373487,0.7909299266336034,0.9103556100378519,0.9103188203461389,0.9923587000167312,0.9931751583491724,0.46948622748948193,0.375074822724983,0.999366017248335,0.6896445267750091,0.9176694526647566,0.9545012425552372,0.9999210747396916
31,x,x,x,x,x,x,x,x,x,x,x,x,x,x,x,x,x,x,x,x,x,x,x,x,x,x,x,x,x,x,x,x,0.9972202669326766,0.908684430868783,0.05244055104319201,,0.74811298658198,0.5464477476631429,0.3078266605918394,0.9840971693386853,0.9999990196638008,0.9630303260716632,0.1807730028692563,0.9999963327855736,0.9748242325661538,0.9264251907530754,0.26447082989632575,0.9976253801271557,0.8943105962498705,0.9999340490985021,0.9005240699120847,0.9998687620869913,0.43316011307597435,0.9990111322886861
32,x,x,x,x,x,x,x,x,x,x,x,x,x,x,x,x,x,x,x,x,x,x,x,x,x,x,x,x,x,x,x,x,x,0.44173052211399433,0.7891610729817083,,0.9735172738221236,0.004036726912372113,0.1033573424598887,1.2705815774227691e-05,0.9999942309647123,4.080052206856255e-05,0.96910009329912,0.9089695201405179,0.22004712764790024,0.47576045766413,0.9970520876376403,0.008250506199284968,0.9616993498299535,0.9970157978054254,0.9946834237730431,0.615571315872445,1.8429702208777599e-13,0.028802603145291927
33,x,x,x,x,x,x,x,x,x,x,x,x,x,x,x,x,x,x,x,x,x,x,x,x,x,x,x,x,x,x,x,x,x,x,0.13588357283623276,,0.02050941768281378,0.0641368791568363,0.014259578312925847,0.6455216639201997,0.19945398700754757,0.1912634446462843,0.005102157938022989,0.2533084981594475,0.04373512547428937,0.4781451131407286,0.006433755056137136,0.13330559063116965,0.0005869463555011611,0.2009870237641438,0.25826188302149056,0.10285987447186662,0.580834114010109,0.6134265159858926
34,x,x,x,x,x,x,x,x,x,x,x,x,x,x,x,x,x,x,x,x,x,x,x,x,x,x,x,x,x,x,x,x,x,x,x,,0.05595514293532833,0.3933117806003613,0.4164230627908772,0.9999546333505719,0.05190843681067808,0.06127975396376567,0.6427373482473301,0.4758477752725745,0.4669570841731108,0.032081883231893205,1.3298735816014151e-05,0.20541770358443434,0.14560453221348602,0.09566435051153616,0.18689786786559182,0.7558433905566833,0.228916169370462,4.253537452103551e-05
35,x,x,x,x,x,x,x,x,x,x,x,x,x,x,x,x,x,x,x,x,x,x,x,x,x,x,x,x,x,x,x,x,x,x,x,x,,,,,,,,,,,,,,,,,,
36,x,x,x,x,x,x,x,x,x,x,x,x,x,x,x,x,x,x,x,x,x,x,x,x,x,x,x,x,x,x,x,x,x,x,x,x,x,0.19455527549146423,0.7731872990345492,0.012177513064841994,0.37186405726757804,0.5877514926595391,0.4069702113159201,0.003098348314034438,0.18807838432432755,0.9288275263732564,0.27853943070561127,0.24246092002541264,0.35029582163275635,0.5470488258292151,0.9721167265411259,0.49434349698566304,0.0006381056732376322,0.10661649902445963
37,x,x,x,x,x,x,x,x,x,x,x,x,x,x,x,x,x,x,x,x,x,x,x,x,x,x,x,x,x,x,x,x,x,x,x,x,x,x,0.28463328593325055,0.06541241059232228,0.5605735955080107,0.12714400996750985,0.3411761856903693,0.008153554386557071,0.2538591135903681,0.3395258134467955,0.09048681530347735,0.2741449506959682,0.6696534782377033,0.12828656045269005,0.44524257261896827,0.5078516210127154,0.754178186654306,0.5743924329215395
38,x,x,x,x,x,x,x,x,x,x,x,x,x,x,x,x,x,x,x,x,x,x,x,x,x,x,x,x,x,x,x,x,x,x,x,x,x,x,x,7.202243093140659e-06,0.0,0.5678581531047325,0.001973683004860005,0.22481199341830704,6.555327227708574e-07,1.221491124914209e-08,3.720660796124875e-08,0.0006533053775286679,1.2110987468449963e-07,0.0389392661977323,0.9943776310765633,5.49934107552108e-06,2.496079787306371e-07,5.551115123125783e-17
39,x,x,x,x,x,x,x,x,x,x,x,x,x,x,x,x,x,x,x,x,x,x,x,x,x,x,x,x,x,x,x,x,x,x,x,x,x,x,x,x,0.782933039989592,0.00032708686843313517,0.9953221314249571,0.0917308696423842,0.9224073157923904,3.0365936781351355e-05,0.2550253487948711,1.013882838574176e-06,0.8537891903592059,0.4848401173908624,0.042533664127536674,0.8957711904655061,0.005998297783004369,0.22412631106619663
40,x,x,x,x,x,x,x,x,x,x,x,x,x,x,x,x,x,x,x,x,x,x,x,x,x,x,x,x,x,x,x,x,x,x,x,x,x,x,x,x,x,0.028598433000878443,0.0,0.6400508544617796,0.18600312115395445,0.16980129450084225,0.010114646213266076,0.0,3.603786186134883e-08,9.992007221626409e-16,0.007481226674746599,0.8064131823262618,0.006238448984653366,0.788798286137348
41,x,x,x,x,x,x,x,x,x,x,x,x,x,x,x,x,x,x,x,x,x,x,x,x,x,x,x,x,x,x,x,x,x,x,x,x,x,x,x,x,x,x,0.9935780268204415,0.9993471809658288,0.9890709012356705,0.9999993435874032,0.9846176625389685,0.9992766410704155,0.9970119252658043,0.9998262523124849,0.9999999999998508,0.994112718861016,0.9993616057192491,0.9998715950153909
42,x,x,x,x,x,x,x,x,x,x,x,x,x,x,x,x,x,x,x,x,x,x,x,x,x,x,x,x,x,x,x,x,x,x,x,x,x,x,x,x,x,x,x,0.9853963837107996,0.9989483500345544,7.710498906021712e-14,0.8569420032198357,0.8825046661581246,0.9948201683995866,0.999999999723544,0.9693796983294151,0.9646992159750583,0.05868139897086766,3.5751918798787585e-06
43,x,x,x,x,x,x,x,x,x,x,x,x,x,x,x,x,x,x,x,x,x,x,x,x,x,x,x,x,x,x,x,x,x,x,x,x,x,x,x,x,x,x,x,x,5.035786811824483e-06,0.08281882611561436,0.012941529965831311,1.3546972231770482e-06,0.005892669965135489,0.13195500189502485,0.9992297038490054,0.09351536752182432,0.0004540056722372454,0.9999993277511511
44,x,x,x,x,x,x,x,x,x,x,x,x,x,x,x,x,x,x,x,x,x,x,x,x,x,x,x,x,x,x,x,x,x,x,x,x,x,x,x,x,x,x,x,x,x,0.9902954133971602,0.4811905100685646,0.9430774083191031,0.9993543213588025,0.9907828174160859,0.9998502158267013,0.9996588012024652,0.8778843066847465,0.9790699066678783
45,x,x,x,x,x,x,x,x,x,x,x,x,x,x,x,x,x,x,x,x,x,x,x,x,x,x,x,x,x,x,x,x,x,x,x,x,x,x,x,x,x,x,x,x,x,x,0.9962870885681603,0.999999926366645,0.22887651535958703,0.679421928811473,0.41287674302280924,0.4395315957826874,0.9657569473091288,2.220446049250313e-16
46,x,x,x,x,x,x,x,x,x,x,x,x,x,x,x,x,x,x,x,x,x,x,x,x,x,x,x,x,x,x,x,x,x,x,x,x,x,x,x,x,x,x,x,x,x,x,x,0.999997816891409,0.3311826171797392,0.9999999801092991,0.41264920010529577,0.7462599253888893,0.999999368399684,6.580095286590204e-06
47,x,x,x,x,x,x,x,x,x,x,x,x,x,x,x,x,x,x,x,x,x,x,x,x,x,x,x,x,x,x,x,x,x,x,x,x,x,x,x,x,x,x,x,x,x,x,x,x,0.20720865468343241,1.109667913112844e-13,4.107825191113079e-15,2.949746654712371e-07,4.2019335193876906e-05,0.26017243335992113
48,x,x,x,x,x,x,x,x,x,x,x,x,x,x,x,x,x,x,x,x,x,x,x,x,x,x,x,x,x,x,x,x,x,x,x,x,x,x,x,x,x,x,x,x,x,x,x,x,x,0.9962780858633714,0.6845403157132913,0.7777343759934542,0.001584078406422773,0.37118895843576055
49,x,x,x,x,x,x,x,x,x,x,x,x,x,x,x,x,x,x,x,x,x,x,x,x,x,x,x,x,x,x,x,x,x,x,x,x,x,x,x,x,x,x,x,x,x,x,x,x,x,x,0.8366652374903627,0.999052157711545,0.9430362092103495,0.7870000721658889
50,x,x,x,x,x,x,x,x,x,x,x,x,x,x,x,x,x,x,x,x,x,x,x,x,x,x,x,x,x,x,x,x,x,x,x,x,x,x,x,x,x,x,x,x,x,x,x,x,x,x,x,0.9999999861229324,0.9999999999743605,0.785724276920389
51,x,x,x,x,x,x,x,x,x,x,x,x,x,x,x,x,x,x,x,x,x,x,x,x,x,x,x,x,x,x,x,x,x,x,x,x,x,x,x,x,x,x,x,x,x,x,x,x,x,x,x,x,0.8024116743116622,3.2116593329245546e-08
52,x,x,x,x,x,x,x,x,x,x,x,x,x,x,x,x,x,x,x,x,x,x,x,x,x,x,x,x,x,x,x,x,x,x,x,x,x,x,x,x,x,x,x,x,x,x,x,x,x,x,x,x,x,0.285964866632866
53,x,x,x,x,x,x,x,x,x,x,x,x,x,x,x,x,x,x,x,x,x,x,x,x,x,x,x,x,x,x,x,x,x,x,x,x,x,x,x,x,x,x,x,x,x,x,x,x,x,x,x,x,x,x
